,,,,mdd,start,end,AR,SD,SR
1 Fixed,35,58,1 Equal Weight,-0.38744372479435263,2039.0,2066.0,0.13725991846601845,0.16408060114329984,0.8365395879196131
1 Fixed,35,58,2 MVO cov=LW,-0.32542693692571645,2042.0,2066.0,0.11936113247605634,0.1325736246680427,0.9003384555180585
1 Fixed,35,58,2 MVO cov=sample,-0.25380731863904693,2045.0,2066.0,0.12075025317942686,0.1293704467499517,0.9333681394237895
1 Fixed,35,58,3 DRMVO-L2 cov=LW d=0.1,-0.3247782644255658,2042.0,2066.0,0.11774301952148408,0.13263514859356587,0.8877210963308394
1 Fixed,35,58,3 DRMVO-L2 cov=LW d=0.25,-0.3248566428679661,2042.0,2066.0,0.11758612302510058,0.13262706072761804,0.8865922412816817
1 Fixed,35,58,3 DRMVO-L2 cov=LW d=0.5,-0.32498251672419365,2042.0,2066.0,0.11728839307501893,0.1326120205279435,0.8844476738087583
1 Fixed,35,58,3 DRMVO-L2 cov=LW d=1,-0.3252120124540293,2042.0,2066.0,0.11642546094195627,0.1325642200139778,0.8782570510329271
1 Fixed,35,58,3 DRMVO-L2 cov=LW d=1.5,-0.32545941218359353,2042.0,2066.0,0.11581211244210553,0.13251514195590064,0.8739538043180479
1 Fixed,35,58,3 DRMVO-L2 cov=sample d=0.1,-0.25199234879339716,2045.0,2066.0,0.11529230004946726,0.1305641681453454,0.8830317053077125
1 Fixed,35,58,3 DRMVO-L2 cov=sample d=0.25,-0.2671383321457088,2045.0,2066.0,0.11285467853013395,0.1317248053725662,0.8567458362222621
1 Fixed,35,58,3 DRMVO-L2 cov=sample d=0.5,-0.28473151527677687,2045.0,2066.0,0.11000941378519853,0.13322148822421195,0.8257632852746137
1 Fixed,35,58,3 DRMVO-L2 cov=sample d=1,-0.298296240580714,2045.0,2066.0,0.1079252435595053,0.13444309469320412,0.8027578047484557
1 Fixed,35,58,3 DRMVO-L2 cov=sample d=1.5,-0.3029308937900127,2045.0,2066.0,0.10706023683702583,0.13475713792720687,0.7944680221307285
1 Fixed,35,58,4 DRMVO-Mahal cov=LW norm=LW d=0.1,-0.3247810114541805,2042.0,2066.0,0.11774959480849637,0.13265450965438694,0.8876410995395235
1 Fixed,35,58,4 DRMVO-Mahal cov=LW norm=LW d=0.25,-0.32486384551849945,2042.0,2066.0,0.11759930166845714,0.1326760428912266,0.8863642531520932
1 Fixed,35,58,4 DRMVO-Mahal cov=LW norm=LW d=0.5,-0.3250022679519965,2042.0,2066.0,0.11738900011430048,0.13271268423597132,0.8845348942349445
1 Fixed,35,58,4 DRMVO-Mahal cov=LW norm=LW d=1,-0.32522681053694535,2042.0,2066.0,0.11684675568134215,0.13278612124529904,0.879962111894874
1 Fixed,35,58,4 DRMVO-Mahal cov=LW norm=LW d=1.5,-0.32544971669545586,2042.0,2066.0,0.11624780946383759,0.13287221355972142,0.874884269250081
1 Fixed,35,58,4 DRMVO-Mahal cov=LW norm=sample d=0.1,-0.3247846603068628,2042.0,2066.0,0.11773849429855048,0.13266169024441535,0.8875093787937539
1 Fixed,35,58,4 DRMVO-Mahal cov=LW norm=sample d=0.25,-0.32487341791150504,2042.0,2066.0,0.11758388278241128,0.13269360079989037,0.8861307709912445
1 Fixed,35,58,4 DRMVO-Mahal cov=LW norm=sample d=0.5,-0.325014799759339,2042.0,2066.0,0.11736026231435176,0.13274840018261458,0.8840804269799545
1 Fixed,35,58,4 DRMVO-Mahal cov=LW norm=sample d=1,-0.32525477609296505,2042.0,2066.0,0.11684177119079502,0.13285456914098015,0.8794712289255707
1 Fixed,35,58,4 DRMVO-Mahal cov=LW norm=sample d=1.5,-0.32549039114404144,2042.0,2066.0,0.11618239939881045,0.1329743689987172,0.8737202535620323
1 Fixed,35,58,4 DRMVO-Mahal cov=sample norm=LW d=0.1,-0.24711406638254507,2045.0,2066.0,0.11554470708285138,0.1302216368276721,0.887292694959415
1 Fixed,35,58,4 DRMVO-Mahal cov=sample norm=LW d=0.25,-0.2581423482081451,2045.0,2066.0,0.11359253981504883,0.1311226646709362,0.8663074389169809
1 Fixed,35,58,4 DRMVO-Mahal cov=sample norm=LW d=0.5,-0.2720152637157425,2045.0,2066.0,0.11106250316628052,0.1322931352069331,0.8395182636843281
1 Fixed,35,58,4 DRMVO-Mahal cov=sample norm=LW d=1,-0.2892533891331256,2045.0,2066.0,0.1076448602533203,0.1339518176728296,0.8036088059382466
1 Fixed,35,58,4 DRMVO-Mahal cov=sample norm=LW d=1.5,-0.2971427557778029,2045.0,2066.0,0.10604408374531032,0.13480844459211075,0.7866279005456029
1 Fixed,35,58,4 DRMVO-Mahal cov=sample norm=sample d=0.1,-0.24164011272545016,2024.0,2066.0,0.11609487423932402,0.129928264414393,0.8935305552073812
1 Fixed,35,58,4 DRMVO-Mahal cov=sample norm=sample d=0.25,-0.24166232096756468,2024.0,2066.0,0.11582733938730184,0.12993153127954452,0.8914490443286022
1 Fixed,35,58,4 DRMVO-Mahal cov=sample norm=sample d=0.5,-0.24169825257358246,2024.0,2066.0,0.11542787477053579,0.1299325801059161,0.8883674493067356
1 Fixed,35,58,4 DRMVO-Mahal cov=sample norm=sample d=1,-0.2417710663317355,2024.0,2066.0,0.11491062483498156,0.1299402548739148,0.8843343038420467
1 Fixed,35,58,4 DRMVO-Mahal cov=sample norm=sample d=1.5,-0.24184441973892934,2024.0,2066.0,0.11424084837357151,0.12995355533378447,0.8790898262086403
1 Fixed,44,47,1 Equal Weight,-0.38991110205633506,2039.0,2066.0,0.1350951644796232,0.16299896753573082,0.8288099398544296
1 Fixed,44,47,2 MVO cov=LW,-0.32814559873449745,2042.0,2066.0,0.11543406329996089,0.13238337209804274,0.8719679931892863
1 Fixed,44,47,2 MVO cov=sample,-0.3387177088652965,2045.0,2066.0,0.10918933349585716,0.13592424461491356,0.8033102100747443
1 Fixed,44,47,3 DRMVO-L2 cov=LW d=0.1,-0.3266323682831228,2042.0,2066.0,0.11634589718521729,0.13242321156778514,0.8785914176810449
1 Fixed,44,47,3 DRMVO-L2 cov=LW d=0.25,-0.32673180748217145,2042.0,2066.0,0.11643805341334407,0.1324052674429003,0.8794065044546503
1 Fixed,44,47,3 DRMVO-L2 cov=LW d=0.5,-0.3268962787035309,2042.0,2066.0,0.11656684654952333,0.13237682294900813,0.8805683952275026
1 Fixed,44,47,3 DRMVO-L2 cov=LW d=1,-0.3272197146894653,2042.0,2066.0,0.11678116081854004,0.13233731732060647,0.8824507189882097
1 Fixed,44,47,3 DRMVO-L2 cov=LW d=1.5,-0.3275196331169983,2042.0,2066.0,0.11696829529077366,0.13231812945091573,0.8839929628400907
1 Fixed,44,47,3 DRMVO-L2 cov=sample d=0.1,-0.33879093234421853,2045.0,2066.0,0.10826452195564143,0.13620760335841947,0.7948493276895267
1 Fixed,44,47,3 DRMVO-L2 cov=sample d=0.25,-0.3377620546725937,2045.0,2066.0,0.10863208238338283,0.13601722609068265,0.7986641508992239
1 Fixed,44,47,3 DRMVO-L2 cov=sample d=0.5,-0.3365908689073255,2045.0,2066.0,0.1090320336331879,0.13577927925985592,0.8030093709992463
1 Fixed,44,47,3 DRMVO-L2 cov=sample d=1,-0.3351854488423657,2045.0,2066.0,0.10967073481848387,0.13540784675281572,0.809928947608816
1 Fixed,44,47,3 DRMVO-L2 cov=sample d=1.5,-0.3343338601731958,2045.0,2066.0,0.11012994911281147,0.13519614474739092,0.8145938578247574
1 Fixed,44,47,4 DRMVO-Mahal cov=LW norm=LW d=0.1,-0.32656582112958343,2042.0,2066.0,0.11627585527025677,0.1324374617808907,0.8779680137831978
1 Fixed,44,47,4 DRMVO-Mahal cov=LW norm=LW d=0.25,-0.3265658372978929,2042.0,2066.0,0.11624965421548879,0.1324393969932971,0.8777573505667072
1 Fixed,44,47,4 DRMVO-Mahal cov=LW norm=LW d=0.5,-0.32656585126887905,2042.0,2066.0,0.11619216719513124,0.1324437915677363,0.8772941775508335
1 Fixed,44,47,4 DRMVO-Mahal cov=LW norm=LW d=1,-0.3265658355347846,2042.0,2066.0,0.11596165371792577,0.13245991551576478,0.8754471363385744
1 Fixed,44,47,4 DRMVO-Mahal cov=LW norm=LW d=1.5,-0.32656583670352357,2042.0,2066.0,0.11557702432360752,0.1324936397743342,0.8723213017655836
1 Fixed,44,47,4 DRMVO-Mahal cov=LW norm=sample d=0.1,-0.32651093998231295,2042.0,2066.0,0.1162627952171172,0.13243873703140963,0.8778609478097327
1 Fixed,44,47,4 DRMVO-Mahal cov=LW norm=sample d=0.25,-0.3264296345811848,2042.0,2066.0,0.11621199436270116,0.13244253928703306,0.8774521765310115
1 Fixed,44,47,4 DRMVO-Mahal cov=LW norm=sample d=0.5,-0.3262945655376154,2042.0,2066.0,0.11610507290468573,0.1324501648326736,0.8765944010063189
1 Fixed,44,47,4 DRMVO-Mahal cov=LW norm=sample d=1,-0.3260476877029652,2042.0,2066.0,0.11582183297537421,0.13247458283153085,0.8742947552638525
1 Fixed,44,47,4 DRMVO-Mahal cov=LW norm=sample d=1.5,-0.32579358089369115,2042.0,2066.0,0.11537430350903889,0.13251919124331824,0.8706233597305945
1 Fixed,44,47,4 DRMVO-Mahal cov=sample norm=LW d=0.1,-0.3391219893563382,2045.0,2066.0,0.10823269797002988,0.13628704120818608,0.7941525255119332
1 Fixed,44,47,4 DRMVO-Mahal cov=sample norm=LW d=0.25,-0.3384700739886769,2045.0,2066.0,0.10848264964548532,0.13620096059128523,0.7964896075220966
1 Fixed,44,47,4 DRMVO-Mahal cov=sample norm=LW d=0.5,-0.33756879516922567,2045.0,2066.0,0.1088217865874118,0.1360878455008704,0.7996436874056896
1 Fixed,44,47,4 DRMVO-Mahal cov=sample norm=LW d=1,-0.33635798914541215,2045.0,2066.0,0.10893660311202477,0.13593724772638902,0.8013741997431753
1 Fixed,44,47,4 DRMVO-Mahal cov=sample norm=LW d=1.5,-0.33555292773405165,2045.0,2066.0,0.10884729788393736,0.13579216898928412,0.8015727172936381
1 Fixed,44,47,4 DRMVO-Mahal cov=sample norm=sample d=0.1,-0.33961220464160025,2045.0,2066.0,0.10806181613702061,0.13634155562022046,0.792581657481061
1 Fixed,44,47,4 DRMVO-Mahal cov=sample norm=sample d=0.25,-0.3396087384719225,2045.0,2066.0,0.10804026370739858,0.13633248789415395,0.7924762862926632
1 Fixed,44,47,4 DRMVO-Mahal cov=sample norm=sample d=0.5,-0.3396130523775267,2045.0,2066.0,0.10799773050275159,0.13631560710858065,0.7922624033558184
1 Fixed,44,47,4 DRMVO-Mahal cov=sample norm=sample d=1,-0.3396116529483588,2045.0,2066.0,0.10779291723296311,0.1363016218434701,0.790841046313839
1 Fixed,44,47,4 DRMVO-Mahal cov=sample norm=sample d=1.5,-0.33960843293748166,2045.0,2066.0,0.1076082509951484,0.13628404263237634,0.7895880465288195
1 Fixed,71,29,1 Equal Weight,-0.39468014485204506,2039.0,2066.0,0.13467373722461778,0.16409726372267788,0.8206945939830815
1 Fixed,71,29,2 MVO cov=LW,-0.2302059626078946,2042.0,2061.0,0.12525375683502976,0.12107529141472281,1.0345112976519242
1 Fixed,71,29,2 MVO cov=sample,-0.2128554555639487,2045.0,2063.0,0.12149201478398096,0.11934026522608136,1.018030373519141
1 Fixed,71,29,3 DRMVO-L2 cov=LW d=0.1,-0.23017154073674628,2042.0,2061.0,0.12493956663592534,0.12119889331265961,1.0308639231021346
1 Fixed,71,29,3 DRMVO-L2 cov=LW d=0.25,-0.23012049041230365,2042.0,2061.0,0.12494415292723754,0.12127459078244551,1.0302582933582094
1 Fixed,71,29,3 DRMVO-L2 cov=LW d=0.5,-0.23002477793585874,2042.0,2061.0,0.12485059228737506,0.121406002680282,1.0283724818464228
1 Fixed,71,29,3 DRMVO-L2 cov=LW d=1,-0.22975590960346592,2042.0,2061.0,0.12454817621811301,0.12170716087195126,1.0233430418211038
1 Fixed,71,29,3 DRMVO-L2 cov=LW d=1.5,-0.2294353711461954,2042.0,2061.0,0.12427108071142555,0.12202735658194415,1.018387058380427
1 Fixed,71,29,3 DRMVO-L2 cov=sample d=0.1,-0.20870197893205922,2045.0,2063.0,0.12299222600346983,0.1193887739312795,1.0301825033756062
1 Fixed,71,29,3 DRMVO-L2 cov=sample d=0.25,-0.2076291630646414,2045.0,2061.0,0.12293800615875412,0.11916995140530806,1.0316191683307023
1 Fixed,71,29,3 DRMVO-L2 cov=sample d=0.5,-0.20621473906995935,2045.0,2061.0,0.12283116976565561,0.11884700766386862,1.033523453220255
1 Fixed,71,29,3 DRMVO-L2 cov=sample d=1,-0.20188965566222716,2045.0,2061.0,0.12328786134055238,0.11835576734005093,1.0416717673447287
1 Fixed,71,29,3 DRMVO-L2 cov=sample d=1.5,-0.1968576428981479,2045.0,2061.0,0.1245693088715707,0.11807426838770088,1.0550080942491478
1 Fixed,71,29,4 DRMVO-Mahal cov=LW norm=LW d=0.1,-0.23021476546861808,2042.0,2061.0,0.12487967097600436,0.12116768683038281,1.0306350995279607
1 Fixed,71,29,4 DRMVO-Mahal cov=LW norm=LW d=0.25,-0.23022845344421905,2042.0,2061.0,0.12480137419366555,0.12119251800308271,1.0297778794437709
1 Fixed,71,29,4 DRMVO-Mahal cov=LW norm=LW d=0.5,-0.23022957412237544,2042.0,2061.0,0.12465925622855953,0.12123683976688202,1.0282291790866394
1 Fixed,71,29,4 DRMVO-Mahal cov=LW norm=LW d=1,-0.2301972549282485,2042.0,2061.0,0.12449458572514505,0.12134661416465786,1.0259419810116468
1 Fixed,71,29,4 DRMVO-Mahal cov=LW norm=LW d=1.5,-0.23016378626457856,2042.0,2061.0,0.12419171432560323,0.12147916689812871,1.022329321946612
1 Fixed,71,29,4 DRMVO-Mahal cov=LW norm=sample d=0.1,-0.23017666787041535,2042.0,2061.0,0.12486972765039735,0.1211512624133665,1.0306927485769277
1 Fixed,71,29,4 DRMVO-Mahal cov=LW norm=sample d=0.25,-0.23013386380976208,2042.0,2061.0,0.12479007372357813,0.12115082476558726,1.0300389944932888
1 Fixed,71,29,4 DRMVO-Mahal cov=LW norm=sample d=0.5,-0.23002965391369068,2042.0,2061.0,0.12464188482374923,0.12114945295542474,1.0288274670923152
1 Fixed,71,29,4 DRMVO-Mahal cov=LW norm=sample d=1,-0.22971349901985494,2042.0,2061.0,0.1244893239564458,0.12115298634764228,1.0275382201411862
1 Fixed,71,29,4 DRMVO-Mahal cov=LW norm=sample d=1.5,-0.22940039040813143,2042.0,2061.0,0.12417417323839634,0.12117006875061234,1.0247924633431291
1 Fixed,71,29,4 DRMVO-Mahal cov=sample norm=LW d=0.1,-0.20965091368079647,2045.0,2063.0,0.12311819607776125,0.11949475031679833,1.0303230539530535
1 Fixed,71,29,4 DRMVO-Mahal cov=sample norm=LW d=0.25,-0.20840135860037445,2045.0,2061.0,0.12309491159129643,0.11939714651892346,1.030970296863727
1 Fixed,71,29,4 DRMVO-Mahal cov=sample norm=LW d=0.5,-0.20766330438862401,2045.0,2061.0,0.12301168223792716,0.11927406166372745,1.031336407279709
1 Fixed,71,29,4 DRMVO-Mahal cov=sample norm=LW d=1,-0.2050664695890143,2045.0,2061.0,0.12280566029724735,0.11901779875056465,1.0318260091049174
1 Fixed,71,29,4 DRMVO-Mahal cov=sample norm=LW d=1.5,-0.20127341204870786,2045.0,2061.0,0.1234024292882633,0.11877773022226128,1.038935742056597
1 Fixed,71,29,4 DRMVO-Mahal cov=sample norm=sample d=0.1,-0.21008436860057245,2045.0,2063.0,0.12316912722557802,0.11953443773193688,1.030407048902444
1 Fixed,71,29,4 DRMVO-Mahal cov=sample norm=sample d=0.25,-0.20930847987353707,2045.0,2063.0,0.12314340437172847,0.11949049895463232,1.0305706767404417
1 Fixed,71,29,4 DRMVO-Mahal cov=sample norm=sample d=0.5,-0.20817787356966055,2045.0,2061.0,0.12299316283814415,0.11944003192932653,1.0297482414515766
1 Fixed,71,29,4 DRMVO-Mahal cov=sample norm=sample d=1,-0.20722225083961854,2045.0,2061.0,0.12261863859623393,0.11935707304497616,1.027326118746467
1 Fixed,71,29,4 DRMVO-Mahal cov=sample norm=sample d=1.5,-0.20619227016676955,2045.0,2061.0,0.12287329778282968,0.1193122572165644,1.029846393399478
1 Fixed,518,4,1 Equal Weight,-0.3781814631717628,2043.0,2066.0,0.1424984999604902,0.16232527659827234,0.8778577369262701
1 Fixed,518,4,2 MVO cov=LW,-0.34674017296904736,2042.0,2066.0,0.14895785541650985,0.1431908443538103,1.040274998647608
1 Fixed,518,4,2 MVO cov=sample,-0.35157146532267247,2044.0,2066.0,0.14842888676344812,0.14415246189046915,1.0296659856994208
1 Fixed,518,4,3 DRMVO-L2 cov=LW d=0.1,-0.34895788339586264,2044.0,2066.0,0.1489092368217182,0.14363708906509398,1.0367046407786429
1 Fixed,518,4,3 DRMVO-L2 cov=LW d=0.25,-0.34885800463237904,2042.0,2066.0,0.14910835386197682,0.1436673744147263,1.037872060162692
1 Fixed,518,4,3 DRMVO-L2 cov=LW d=0.5,-0.3483428774054953,2042.0,2066.0,0.14952261181181364,0.14369341345438913,1.0405669140797105
1 Fixed,518,4,3 DRMVO-L2 cov=LW d=1,-0.3464562296705508,2042.0,2066.0,0.1499361251073394,0.14369603501719447,1.0434256247181646
1 Fixed,518,4,3 DRMVO-L2 cov=LW d=1.5,-0.34405647269425543,2042.0,2066.0,0.14980834571016022,0.14357535058499088,1.0434127104671749
1 Fixed,518,4,3 DRMVO-L2 cov=sample d=0.1,-0.35135432254561483,2044.0,2066.0,0.149077349200421,0.14411859533707855,1.0344074534708338
1 Fixed,518,4,3 DRMVO-L2 cov=sample d=0.25,-0.35098224879432227,2044.0,2066.0,0.14938000753035266,0.14411635213872123,1.0365236512964526
1 Fixed,518,4,3 DRMVO-L2 cov=sample d=0.5,-0.35014843686422903,2044.0,2066.0,0.14991870911903127,0.1441268116760497,1.0401861206504717
1 Fixed,518,4,3 DRMVO-L2 cov=sample d=1,-0.34818143002200386,2042.0,2066.0,0.15030613473504154,0.14412532316071,1.042884979813294
1 Fixed,518,4,3 DRMVO-L2 cov=sample d=1.5,-0.34609453839824333,2042.0,2066.0,0.1502017396912224,0.1440545058857046,1.0426729713709555
1 Fixed,518,4,4 DRMVO-Mahal cov=LW norm=LW d=0.1,-0.3492118674426985,2044.0,2066.0,0.1491422028342024,0.1437302055745543,1.037653861538804
1 Fixed,518,4,4 DRMVO-Mahal cov=LW norm=LW d=0.25,-0.3494207553367257,2044.0,2066.0,0.14972867041219676,0.14389914713284485,1.040511173245316
1 Fixed,518,4,4 DRMVO-Mahal cov=LW norm=LW d=0.5,-0.34907691898382154,2044.0,2066.0,0.1509459830920569,0.14423153687573276,1.0465532459943845
1 Fixed,518,4,4 DRMVO-Mahal cov=LW norm=LW d=1,-0.34777739661670126,2042.0,2066.0,0.1513708254052957,0.14489484329234054,1.0446943587901827
1 Fixed,518,4,4 DRMVO-Mahal cov=LW norm=LW d=1.5,-0.3467106926710064,2042.0,2066.0,0.15100327733266403,0.1457504330080852,1.0360399912107803
1 Fixed,518,4,4 DRMVO-Mahal cov=LW norm=sample d=0.1,-0.3492198558397499,2044.0,2066.0,0.14914725854701788,0.1437330472331543,1.0376685210401266
1 Fixed,518,4,4 DRMVO-Mahal cov=LW norm=sample d=0.25,-0.3494448778792836,2044.0,2066.0,0.14974342015834416,0.1439071637168281,1.0405557047389267
1 Fixed,518,4,4 DRMVO-Mahal cov=LW norm=sample d=0.5,-0.34909834298491393,2044.0,2066.0,0.1509754226306645,0.14424874889373362,1.0466324580872888
1 Fixed,518,4,4 DRMVO-Mahal cov=LW norm=sample d=1,-0.34781528989422306,2042.0,2066.0,0.15139799970584378,0.14493094161749387,1.0446216523274785
1 Fixed,518,4,4 DRMVO-Mahal cov=LW norm=sample d=1.5,-0.34688393977375376,2042.0,2066.0,0.15096219053670074,0.14581122017774553,1.0353262962389047
1 Fixed,518,4,4 DRMVO-Mahal cov=sample norm=LW d=0.1,-0.35165028381976626,2044.0,2066.0,0.14933809042850782,0.14421278362989504,1.0355398923008536
1 Fixed,518,4,4 DRMVO-Mahal cov=sample norm=LW d=0.25,-0.35155868884297414,2044.0,2066.0,0.14984263727841077,0.14431843657012333,1.0382778585991905
1 Fixed,518,4,4 DRMVO-Mahal cov=sample norm=LW d=0.5,-0.3512589334865108,2044.0,2066.0,0.1509586350304211,0.14460664835921114,1.0439259656681292
1 Fixed,518,4,4 DRMVO-Mahal cov=sample norm=LW d=1,-0.3499070550915493,2044.0,2066.0,0.15087216385059207,0.14519938081468511,1.0390689202948256
1 Fixed,518,4,4 DRMVO-Mahal cov=sample norm=LW d=1.5,-0.34842994097712887,2042.0,2066.0,0.15040918552465937,0.14598645148129955,1.0302955102921065
1 Fixed,518,4,4 DRMVO-Mahal cov=sample norm=sample d=0.1,-0.35166556465011023,2044.0,2066.0,0.1493459639604246,0.14421625504907223,1.035569561209358
1 Fixed,518,4,4 DRMVO-Mahal cov=sample norm=sample d=0.25,-0.35158486857542304,2044.0,2066.0,0.1498611191889886,0.14432556602408936,1.0383546264005319
1 Fixed,518,4,4 DRMVO-Mahal cov=sample norm=sample d=0.5,-0.3513205627306103,2044.0,2066.0,0.15096262253002146,0.1446211417592799,1.04384891927694
1 Fixed,518,4,4 DRMVO-Mahal cov=sample norm=sample d=1,-0.35004807014439476,2044.0,2066.0,0.1508067484991903,0.14523012381300307,1.0383985397779294
1 Fixed,518,4,4 DRMVO-Mahal cov=sample norm=sample d=1.5,-0.3485533933684113,2042.0,2066.0,0.15038174753153372,0.14603667006761076,1.0297533315564598
2 Variable_10000_30_0.1,44,47,1 Equal Weight,-0.39128185419323713,2039.0,2066.0,0.13566284686739336,0.1630011577324254,0.8322814926878663
2 Variable_10000_30_0.1,44,47,2 MVO cov=LW,-0.309774778658244,2042.0,2066.0,0.13749353031486675,0.1335565819575549,1.0294777561660198
2 Variable_10000_30_0.1,44,47,2 MVO cov=sample,-0.28552873323361994,2041.0,2066.0,0.14187453401821673,0.13422015702833848,1.0570285205989005
2 Variable_10000_30_0.1,44,47,3 DRMVO-L2 cov=LW d=0.1,-0.30966740072781795,2042.0,2066.0,0.13894276560226762,0.13374726779779975,1.0388456369241312
2 Variable_10000_30_0.1,44,47,3 DRMVO-L2 cov=LW d=0.25,-0.30977966948039026,2042.0,2066.0,0.13889798632324019,0.13374881564758287,1.0384988132472512
2 Variable_10000_30_0.1,44,47,3 DRMVO-L2 cov=LW d=0.5,-0.30998532458806627,2042.0,2066.0,0.1388801288316618,0.1337557055510969,1.0383118107706237
2 Variable_10000_30_0.1,44,47,3 DRMVO-L2 cov=LW d=1,-0.310375201512311,2042.0,2066.0,0.13887103141364435,0.13377408568951102,1.0381011441630281
2 Variable_10000_30_0.1,44,47,3 DRMVO-L2 cov=LW d=1.5,-0.3107289460845809,2042.0,2066.0,0.13883142892031516,0.13380032120222396,1.0376016116619575
2 Variable_10000_30_0.1,44,47,3 DRMVO-L2 cov=sample d=0.1,-0.20870726278268126,2038.0,2063.0,0.15638101444278152,0.12775733727736777,1.2240472271527565
2 Variable_10000_30_0.1,44,47,3 DRMVO-L2 cov=sample d=0.25,-0.2116507978394978,2038.0,2063.0,0.15552295375293151,0.12788988533526846,1.2160692250620277
2 Variable_10000_30_0.1,44,47,3 DRMVO-L2 cov=sample d=0.5,-0.21614137469235062,2038.0,2063.0,0.15342360825334497,0.12823254806863293,1.1964482540831147
2 Variable_10000_30_0.1,44,47,3 DRMVO-L2 cov=sample d=1,-0.23240437608679476,2038.0,2061.0,0.14911550215437133,0.12914106700958003,1.154671442689176
2 Variable_10000_30_0.1,44,47,3 DRMVO-L2 cov=sample d=1.5,-0.26382143598456564,2041.0,2066.0,0.14378482603256712,0.13134688324646315,1.0946953782128583
2 Variable_10000_30_0.1,44,47,4 DRMVO-Mahal cov=LW norm=LW d=0.1,-0.3095923324349332,2042.0,2066.0,0.13896465295536917,0.13375229394800014,1.0389702400872127
2 Variable_10000_30_0.1,44,47,4 DRMVO-Mahal cov=LW norm=LW d=0.25,-0.30959227069838047,2042.0,2066.0,0.13893997941099492,0.13376094129997085,1.0387186129275932
2 Variable_10000_30_0.1,44,47,4 DRMVO-Mahal cov=LW norm=LW d=0.5,-0.3095914291899885,2042.0,2066.0,0.13892657540932793,0.13377804856495878,1.0384855878793087
2 Variable_10000_30_0.1,44,47,4 DRMVO-Mahal cov=LW norm=LW d=1,-0.3095918231471595,2042.0,2066.0,0.13900553199155088,0.13381385198171536,1.038797777157965
2 Variable_10000_30_0.1,44,47,4 DRMVO-Mahal cov=LW norm=LW d=1.5,-0.3095917684293754,2042.0,2066.0,0.13914108811727174,0.1338534607737086,1.0395031052092285
2 Variable_10000_30_0.1,44,47,4 DRMVO-Mahal cov=LW norm=sample d=0.1,-0.309532859420233,2042.0,2066.0,0.1389549589940343,0.13375017701370487,1.0389142062951895
2 Variable_10000_30_0.1,44,47,4 DRMVO-Mahal cov=LW norm=sample d=0.25,-0.3094446827335715,2042.0,2066.0,0.13891361867823016,0.13375558575536864,1.0385631216351239
2 Variable_10000_30_0.1,44,47,4 DRMVO-Mahal cov=LW norm=sample d=0.5,-0.3092948823227323,2042.0,2066.0,0.13887202059493522,0.133766601500541,1.0381666203456141
2 Variable_10000_30_0.1,44,47,4 DRMVO-Mahal cov=LW norm=sample d=1,-0.30899104576643033,2042.0,2066.0,0.13890068031602135,0.13378996308144636,1.0381995563558364
2 Variable_10000_30_0.1,44,47,4 DRMVO-Mahal cov=LW norm=sample d=1.5,-0.3086866228236107,2042.0,2066.0,0.13890230109817453,0.13381588245208278,1.0380105750743982
2 Variable_10000_30_0.1,44,47,4 DRMVO-Mahal cov=sample norm=LW d=0.1,-0.20825182204870596,2038.0,2063.0,0.15656890521342443,0.12772873846089244,1.225792308763483
2 Variable_10000_30_0.1,44,47,4 DRMVO-Mahal cov=sample norm=LW d=0.25,-0.20939528315187284,2038.0,2063.0,0.15621291251863295,0.12783194959079258,1.222017758617401
2 Variable_10000_30_0.1,44,47,4 DRMVO-Mahal cov=sample norm=LW d=0.5,-0.2122481571550897,2038.0,2063.0,0.1554447418171493,0.12801675126135553,1.2142531370742062
2 Variable_10000_30_0.1,44,47,4 DRMVO-Mahal cov=sample norm=LW d=1,-0.2176188214900735,2038.0,2061.0,0.15357761318210503,0.12842798885048465,1.1958266617481605
2 Variable_10000_30_0.1,44,47,4 DRMVO-Mahal cov=sample norm=LW d=1.5,-0.22517993453267937,2038.0,2061.0,0.15117445094110452,0.128849174186757,1.173266743037008
2 Variable_10000_30_0.1,44,47,4 DRMVO-Mahal cov=sample norm=sample d=0.1,-0.20678692463934611,2038.0,2063.0,0.1564341116508636,0.1278447832863714,1.2236253027270758
2 Variable_10000_30_0.1,44,47,4 DRMVO-Mahal cov=sample norm=sample d=0.25,-0.20678878702491754,2038.0,2063.0,0.15636620422166714,0.12784846441327952,1.2230589154063043
2 Variable_10000_30_0.1,44,47,4 DRMVO-Mahal cov=sample norm=sample d=0.5,-0.2067994658978235,2038.0,2063.0,0.15627846221640604,0.12785217920559824,1.222337102014473
2 Variable_10000_30_0.1,44,47,4 DRMVO-Mahal cov=sample norm=sample d=1,-0.20680717788409542,2038.0,2063.0,0.1563389533080882,0.12784128006890516,1.2229144860237873
2 Variable_10000_30_0.1,44,47,4 DRMVO-Mahal cov=sample norm=sample d=1.5,-0.20681992251447756,2038.0,2063.0,0.15603192611276662,0.1277965268088586,1.2209402712965653
2 Variable_10000_60_1,518,4,1 Equal Weight,-0.3780165334657636,2043.0,2066.0,0.14037165167972673,0.1626562583983783,0.8629957006383854
2 Variable_10000_60_1,518,4,2 MVO cov=LW,-0.3878972788156114,2044.0,2066.0,0.13793637677496962,0.15199794746886106,0.9074884172579228
2 Variable_10000_60_1,518,4,2 MVO cov=sample,-0.3826529942995984,2044.0,2066.0,0.13694646592713317,0.15302090261848814,0.8949526736786295
2 Variable_10000_60_1,518,4,3 DRMVO-L2 cov=LW d=0.1,-0.3855003757770894,2044.0,2066.0,0.13847500604824853,0.15194109380103424,0.9113729708276324
2 Variable_10000_60_1,518,4,3 DRMVO-L2 cov=LW d=0.25,-0.38587470209399977,2044.0,2066.0,0.13836366552640858,0.15192036016207958,0.9107644648735184
2 Variable_10000_60_1,518,4,3 DRMVO-L2 cov=LW d=0.5,-0.3865241978249113,2044.0,2066.0,0.13816947628858367,0.15190066773638497,0.909604140308119
2 Variable_10000_60_1,518,4,3 DRMVO-L2 cov=LW d=1,-0.38771616014599086,2044.0,2066.0,0.1377846825184683,0.15185421824862902,0.9073484036701249
2 Variable_10000_60_1,518,4,3 DRMVO-L2 cov=LW d=1.5,-0.3889194359266367,2044.0,2066.0,0.1374069069547621,0.15183577210772367,0.9049705813546715
2 Variable_10000_60_1,518,4,3 DRMVO-L2 cov=sample d=0.1,-0.3778085110344481,2025.0,2066.0,0.13969758692746134,0.15384010791815506,0.908070000846478
2 Variable_10000_60_1,518,4,3 DRMVO-L2 cov=sample d=0.25,-0.37840132559704454,2025.0,2066.0,0.1393584408094897,0.153820610296079,0.9059802879552225
2 Variable_10000_60_1,518,4,3 DRMVO-L2 cov=sample d=0.5,-0.37940727100570326,2025.0,2066.0,0.13885528820117726,0.15378374081521057,0.9029256764408429
2 Variable_10000_60_1,518,4,3 DRMVO-L2 cov=sample d=1,-0.381096955869213,2025.0,2066.0,0.1380876619703457,0.15364262284094202,0.8987588171629982
2 Variable_10000_60_1,518,4,3 DRMVO-L2 cov=sample d=1.5,-0.38272420301894117,2044.0,2066.0,0.1375124187012016,0.15343559100167165,0.8962224331622213
2 Variable_10000_60_1,518,4,4 DRMVO-Mahal cov=LW norm=LW d=0.1,-0.3852458781848612,2044.0,2066.0,0.1385523487200473,0.15195652255232744,0.9117894144513322
2 Variable_10000_60_1,518,4,4 DRMVO-Mahal cov=LW norm=LW d=0.25,-0.38524569817034926,2044.0,2066.0,0.1385636892713748,0.15195707777823098,0.9118607128889202
2 Variable_10000_60_1,518,4,4 DRMVO-Mahal cov=LW norm=LW d=0.5,-0.38524598749704586,2044.0,2066.0,0.1385798300783495,0.15195804563818835,0.9119611238506428
2 Variable_10000_60_1,518,4,4 DRMVO-Mahal cov=LW norm=LW d=1,-0.3852462590707263,2044.0,2066.0,0.13860155304607344,0.15195948853067845,0.9120954169182517
2 Variable_10000_60_1,518,4,4 DRMVO-Mahal cov=LW norm=LW d=1.5,-0.3852462593323218,2044.0,2066.0,0.13862278054024102,0.15196083745717529,0.9122270109843721
2 Variable_10000_60_1,518,4,4 DRMVO-Mahal cov=LW norm=sample d=0.1,-0.38522591736180356,2044.0,2066.0,0.13855546297106802,0.15196098018664175,0.9117831617096126
2 Variable_10000_60_1,518,4,4 DRMVO-Mahal cov=LW norm=sample d=0.25,-0.38519556623867646,2044.0,2066.0,0.1385710427185143,0.15196814842042647,0.9118426733419921
2 Variable_10000_60_1,518,4,4 DRMVO-Mahal cov=LW norm=sample d=0.5,-0.3851453951883439,2044.0,2066.0,0.13859165852830183,0.15197993697712336,0.9119075931000235
2 Variable_10000_60_1,518,4,4 DRMVO-Mahal cov=LW norm=sample d=1,-0.38504715539951495,2044.0,2066.0,0.1386200572276385,0.152002997790162,0.9119560748334816
2 Variable_10000_60_1,518,4,4 DRMVO-Mahal cov=LW norm=sample d=1.5,-0.38495147055147383,2044.0,2066.0,0.1386441182545674,0.15202595858947682,0.9119766093957344
2 Variable_10000_60_1,518,4,4 DRMVO-Mahal cov=sample norm=LW d=0.1,-0.37735788780189916,2025.0,2066.0,0.13993594685771893,0.15384603502383534,0.9095843570881672
2 Variable_10000_60_1,518,4,4 DRMVO-Mahal cov=sample norm=LW d=0.25,-0.37742065114941226,2025.0,2066.0,0.13988133375791031,0.15383090635452512,0.9093187908256483
2 Variable_10000_60_1,518,4,4 DRMVO-Mahal cov=sample norm=LW d=0.5,-0.3775221382377544,2025.0,2066.0,0.1397972802061285,0.15381160238559988,0.9088864431414088
2 Variable_10000_60_1,518,4,4 DRMVO-Mahal cov=sample norm=LW d=1,-0.37771527370807867,2025.0,2066.0,0.1396981279223532,0.15379018103483574,0.9083683170300028
2 Variable_10000_60_1,518,4,4 DRMVO-Mahal cov=sample norm=LW d=1.5,-0.3778975096397207,2025.0,2066.0,0.13958555924659755,0.15376720003326846,0.9077720034987784
2 Variable_10000_60_1,518,4,4 DRMVO-Mahal cov=sample norm=sample d=0.1,-0.3773157736891244,2025.0,2066.0,0.13997433023187333,0.15385857474670694,0.909759696281531
2 Variable_10000_60_1,518,4,4 DRMVO-Mahal cov=sample norm=sample d=0.25,-0.3773148337125847,2025.0,2066.0,0.13997770367958232,0.15385995751155515,0.9097734455637669
2 Variable_10000_60_1,518,4,4 DRMVO-Mahal cov=sample norm=sample d=0.5,-0.3773157731241953,2025.0,2066.0,0.1399750657587943,0.15386179778137807,0.909745419442483
2 Variable_10000_60_1,518,4,4 DRMVO-Mahal cov=sample norm=sample d=1,-0.377315831681046,2025.0,2066.0,0.1399792700803283,0.15386638621356166,0.9097456145232494
2 Variable_10000_60_1,518,4,4 DRMVO-Mahal cov=sample norm=sample d=1.5,-0.37731571409688236,2025.0,2066.0,0.13999437800655382,0.1538706170483199,0.9098187860167707
2 Variable_1000_30_0.05,35,58,1 Equal Weight,-0.39303195769672583,2039.0,2066.0,0.13515502784045957,0.16318536273860992,0.8282300910587839
2 Variable_1000_30_0.05,35,58,2 MVO cov=LW,-0.23483336633503737,2044.0,2066.0,0.14219299037090963,0.12810539549391328,1.1099687864252814
2 Variable_1000_30_0.05,35,58,2 MVO cov=sample,-0.18750506295300917,2045.0,2063.0,0.14276528619029452,0.1256782620105982,1.135958469717344
2 Variable_1000_30_0.05,35,58,3 DRMVO-L2 cov=LW d=0.1,-0.23419805752749956,2044.0,2066.0,0.1424231133152533,0.12823597271211884,1.1106330798065818
2 Variable_1000_30_0.05,35,58,3 DRMVO-L2 cov=LW d=0.25,-0.23437536441320117,2044.0,2066.0,0.14247751063679448,0.1282410335357548,1.1110134307914044
2 Variable_1000_30_0.05,35,58,3 DRMVO-L2 cov=LW d=0.5,-0.23467945432862536,2044.0,2066.0,0.14254979575692733,0.128250826657267,1.1114922178074718
2 Variable_1000_30_0.05,35,58,3 DRMVO-L2 cov=LW d=1,-0.23530449956954824,2044.0,2066.0,0.1427594738872648,0.12827797181391806,1.1128915734211469
2 Variable_1000_30_0.05,35,58,3 DRMVO-L2 cov=LW d=1.5,-0.2359249767278777,2044.0,2066.0,0.1430242565911211,0.12832241304426556,1.1145695689324675
2 Variable_1000_30_0.05,35,58,3 DRMVO-L2 cov=sample d=0.1,-0.18635966584160713,2045.0,2063.0,0.14435371661444668,0.12685638550768719,1.137930235334501
2 Variable_1000_30_0.05,35,58,3 DRMVO-L2 cov=sample d=0.25,-0.1848218429811268,2045.0,2063.0,0.1441945453365539,0.1264710100198844,1.1401391142039818
2 Variable_1000_30_0.05,35,58,3 DRMVO-L2 cov=sample d=0.5,-0.18254689252316236,2045.0,2063.0,0.1440458427486632,0.12599487824853767,1.1432674466696826
2 Variable_1000_30_0.05,35,58,3 DRMVO-L2 cov=sample d=1,-0.17909816489063157,2045.0,2063.0,0.14498618169054098,0.12523752972574329,1.1576895680395893
2 Variable_1000_30_0.05,35,58,3 DRMVO-L2 cov=sample d=1.5,-0.1785616876363133,2045.0,2061.0,0.14556917027128102,0.124849683027084,1.1659554653390853
2 Variable_1000_30_0.05,35,58,4 DRMVO-Mahal cov=LW norm=LW d=0.1,-0.234091776898543,2044.0,2066.0,0.14240864190310973,0.12823735670058092,1.110508244766906
2 Variable_1000_30_0.05,35,58,4 DRMVO-Mahal cov=LW norm=LW d=0.25,-0.23409197557099126,2044.0,2066.0,0.1424725899761312,0.12824305584466775,1.110957541035974
2 Variable_1000_30_0.05,35,58,4 DRMVO-Mahal cov=LW norm=LW d=0.5,-0.2340918783483008,2044.0,2066.0,0.1425716754961352,0.1282524585045967,1.1116486744854506
2 Variable_1000_30_0.05,35,58,4 DRMVO-Mahal cov=LW norm=LW d=1,-0.2340917003587336,2044.0,2066.0,0.1427983221102581,0.12827244546281674,1.1132423771530269
2 Variable_1000_30_0.05,35,58,4 DRMVO-Mahal cov=LW norm=LW d=1.5,-0.23409160171253873,2044.0,2066.0,0.1430560024076753,0.1282920527101949,1.1150807815884856
2 Variable_1000_30_0.05,35,58,4 DRMVO-Mahal cov=LW norm=sample d=0.1,-0.2340253851849895,2044.0,2066.0,0.14236385327006656,0.12823543669053664,1.1101756031261876
2 Variable_1000_30_0.05,35,58,4 DRMVO-Mahal cov=LW norm=sample d=0.25,-0.23392841704242928,2044.0,2066.0,0.14236086551657598,0.12823842959395818,1.110126394773655
2 Variable_1000_30_0.05,35,58,4 DRMVO-Mahal cov=LW norm=sample d=0.5,-0.23376700914790338,2044.0,2066.0,0.142366676723411,0.12824324198527207,1.1101300506716831
2 Variable_1000_30_0.05,35,58,4 DRMVO-Mahal cov=LW norm=sample d=1,-0.23345974015536974,2044.0,2066.0,0.1424212751965261,0.1282567072513432,1.1104391984539628
2 Variable_1000_30_0.05,35,58,4 DRMVO-Mahal cov=LW norm=sample d=1.5,-0.23316909812199005,2044.0,2066.0,0.14245912340787237,0.1282711176286769,1.1106095124256057
2 Variable_1000_30_0.05,35,58,4 DRMVO-Mahal cov=sample norm=LW d=0.1,-0.1869519072735557,2045.0,2063.0,0.1443055334222725,0.12699879242489578,1.1362748469251118
2 Variable_1000_30_0.05,35,58,4 DRMVO-Mahal cov=sample norm=LW d=0.25,-0.18619245632776793,2045.0,2063.0,0.14411262535348177,0.1267892465476428,1.1366312938797178
2 Variable_1000_30_0.05,35,58,4 DRMVO-Mahal cov=sample norm=LW d=0.5,-0.18502240752472932,2045.0,2063.0,0.14350400844781874,0.12651152559255358,1.134315690018565
2 Variable_1000_30_0.05,35,58,4 DRMVO-Mahal cov=sample norm=LW d=1,-0.18297123931301207,2045.0,2063.0,0.14305015978106944,0.12609540176964168,1.134459764380637
2 Variable_1000_30_0.05,35,58,4 DRMVO-Mahal cov=sample norm=LW d=1.5,-0.18124852989910312,2045.0,2063.0,0.14342670343046102,0.1257550333227298,1.140524555087825
2 Variable_1000_30_0.05,35,58,4 DRMVO-Mahal cov=sample norm=sample d=0.1,-0.18741483606426634,2045.0,2063.0,0.14373571270703384,0.12720379258732908,1.12996405046929
2 Variable_1000_30_0.05,35,58,4 DRMVO-Mahal cov=sample norm=sample d=0.25,-0.18730127625824733,2045.0,2063.0,0.143483100529244,0.12719222967629937,1.1280807081879487
2 Variable_1000_30_0.05,35,58,4 DRMVO-Mahal cov=sample norm=sample d=0.5,-0.18712175667828657,2045.0,2063.0,0.14312496712389125,0.127177598618779,1.1253944773160505
2 Variable_1000_30_0.05,35,58,4 DRMVO-Mahal cov=sample norm=sample d=1,-0.18675960404801162,2045.0,2063.0,0.1424235422472641,0.12717047336673068,1.1199419053552395
2 Variable_1000_30_0.05,35,58,4 DRMVO-Mahal cov=sample norm=sample d=1.5,-0.18639308642917263,2045.0,2063.0,0.14188215828980985,0.12715163890899742,1.1158500158331037
2 Variable_1000_60_0.075,71,29,1 Equal Weight,-0.38822461006052356,2039.0,2066.0,0.13561657296199034,0.16289145478055933,0.8325579334084001
2 Variable_1000_60_0.075,71,29,2 MVO cov=LW,-0.3644268848712917,2041.0,2066.0,0.12144459057787611,0.14109989916601898,0.8606993434841771
2 Variable_1000_60_0.075,71,29,2 MVO cov=sample,-0.2635197325812715,2045.0,2066.0,0.1367017862368157,0.12897668680092622,1.059895316180769
2 Variable_1000_60_0.075,71,29,3 DRMVO-L2 cov=LW d=0.1,-0.36446171177706166,2041.0,2066.0,0.12246489090832378,0.14121281448123096,0.867236386146818
2 Variable_1000_60_0.075,71,29,3 DRMVO-L2 cov=LW d=0.25,-0.3645099218803387,2041.0,2066.0,0.12229925186575427,0.14123366047367902,0.8659355811892062
2 Variable_1000_60_0.075,71,29,3 DRMVO-L2 cov=LW d=0.5,-0.3645935702925036,2041.0,2066.0,0.1220385859438223,0.1412642606286683,0.8639027691838971
2 Variable_1000_60_0.075,71,29,3 DRMVO-L2 cov=LW d=1,-0.3647595461494978,2041.0,2066.0,0.12162123394147886,0.14133020582175476,0.860546641351865
2 Variable_1000_60_0.075,71,29,3 DRMVO-L2 cov=LW d=1.5,-0.36492249995297266,2041.0,2066.0,0.1212321000394473,0.14140561859590936,0.8573358063365832
2 Variable_1000_60_0.075,71,29,3 DRMVO-L2 cov=sample d=0.1,-0.26325672334071004,2045.0,2066.0,0.1382313269666371,0.12982361326940062,1.064762591993102
2 Variable_1000_60_0.075,71,29,3 DRMVO-L2 cov=sample d=0.25,-0.26472294881074154,2045.0,2066.0,0.13821009037698087,0.12989630393940926,1.0640032563316784
2 Variable_1000_60_0.075,71,29,3 DRMVO-L2 cov=sample d=0.5,-0.26679958102641566,2045.0,2066.0,0.13828298716614298,0.13000954832153153,1.0636371632039678
2 Variable_1000_60_0.075,71,29,3 DRMVO-L2 cov=sample d=1,-0.2708337483606731,2045.0,2066.0,0.13795394873707,0.13025567377589398,1.0591012639834867
2 Variable_1000_60_0.075,71,29,3 DRMVO-L2 cov=sample d=1.5,-0.27387090233736433,2045.0,2066.0,0.13794309566718815,0.13039653656239653,1.057873922910372
2 Variable_1000_60_0.075,71,29,4 DRMVO-Mahal cov=LW norm=LW d=0.1,-0.36442735383057634,2041.0,2066.0,0.12254572515691436,0.14122207260671038,0.8677519235834485
2 Variable_1000_60_0.075,71,29,4 DRMVO-Mahal cov=LW norm=LW d=0.25,-0.3644273537960695,2041.0,2066.0,0.1225013487632657,0.14125332090829273,0.8672457962443123
2 Variable_1000_60_0.075,71,29,4 DRMVO-Mahal cov=LW norm=LW d=0.5,-0.36442735356103173,2041.0,2066.0,0.12239524138154145,0.14130113367002692,0.8662014111462446
2 Variable_1000_60_0.075,71,29,4 DRMVO-Mahal cov=LW norm=LW d=1,-0.3644273524440893,2041.0,2066.0,0.1223954571099038,0.14138885452606714,0.8656655259013953
2 Variable_1000_60_0.075,71,29,4 DRMVO-Mahal cov=LW norm=LW d=1.5,-0.3644273504989267,2041.0,2066.0,0.122463103886322,0.14148990758367974,0.8655253648667137
2 Variable_1000_60_0.075,71,29,4 DRMVO-Mahal cov=LW norm=sample d=0.1,-0.36429036201464815,2041.0,2066.0,0.12259206164915343,0.14120326181002973,0.8681956781854289
2 Variable_1000_60_0.075,71,29,4 DRMVO-Mahal cov=LW norm=sample d=0.25,-0.36408877338921586,2041.0,2066.0,0.12261609910233898,0.14120670847592534,0.8683447155291781
2 Variable_1000_60_0.075,71,29,4 DRMVO-Mahal cov=LW norm=sample d=0.5,-0.36375789803130254,2041.0,2066.0,0.12261715497363031,0.14120836948183058,0.8683419787621554
2 Variable_1000_60_0.075,71,29,4 DRMVO-Mahal cov=LW norm=sample d=1,-0.3631059648742163,2041.0,2066.0,0.12284066992090031,0.1412051655391881,0.8699445905667582
2 Variable_1000_60_0.075,71,29,4 DRMVO-Mahal cov=LW norm=sample d=1.5,-0.3624756350488628,2041.0,2066.0,0.12309458681357223,0.14122124786787343,0.871643528661774
2 Variable_1000_60_0.075,71,29,4 DRMVO-Mahal cov=sample norm=LW d=0.1,-0.2632152803611887,2045.0,2066.0,0.13801245068323537,0.12984882430381525,1.0628702371637897
2 Variable_1000_60_0.075,71,29,4 DRMVO-Mahal cov=sample norm=LW d=0.25,-0.26463780216539823,2045.0,2066.0,0.13769513202557923,0.12997269862868535,1.0594158117694843
2 Variable_1000_60_0.075,71,29,4 DRMVO-Mahal cov=sample norm=LW d=0.5,-0.26665582220800776,2045.0,2066.0,0.1373055407785912,0.13014914900382193,1.0549860819647703
2 Variable_1000_60_0.075,71,29,4 DRMVO-Mahal cov=sample norm=LW d=1,-0.27056311425493085,2045.0,2066.0,0.1368721168924178,0.13052459579933373,1.0486308427481563
2 Variable_1000_60_0.075,71,29,4 DRMVO-Mahal cov=sample norm=LW d=1.5,-0.27361352988677734,2045.0,2066.0,0.13638588315165742,0.1308518242983639,1.0422925617045655
2 Variable_1000_60_0.075,71,29,4 DRMVO-Mahal cov=sample norm=sample d=0.1,-0.2623141606017151,2045.0,2066.0,0.13799892498499555,0.1297881797742823,1.063262657855228
2 Variable_1000_60_0.075,71,29,4 DRMVO-Mahal cov=sample norm=sample d=0.25,-0.2623140537783786,2045.0,2066.0,0.1378199436224195,0.12981427611083243,1.0616701625694236
2 Variable_1000_60_0.075,71,29,4 DRMVO-Mahal cov=sample norm=sample d=0.5,-0.2623138318783441,2045.0,2066.0,0.13755328384411633,0.12984924493159591,1.0593306408256657
2 Variable_1000_60_0.075,71,29,4 DRMVO-Mahal cov=sample norm=sample d=1,-0.26231319409480613,2045.0,2066.0,0.13720582937955786,0.12993341355774174,1.0559703283604127
2 Variable_1000_60_0.075,71,29,4 DRMVO-Mahal cov=sample norm=sample d=1.5,-0.2623122484902992,2045.0,2066.0,0.13699865387866453,0.13003878068966415,1.0535215199042047
